{
    "rms": 0.2576789324378373,
    "K": [
        [
            367.81538406063197,
            0.0,
            396.67486871881067
        ],
        [
            0.0,
            371.4079823485163,
            223.42988308283734
        ],
        [
            0.0,
            0.0,
            1.0
        ]
    ],
    "dist": [
        [
            0.059271040944349145,
            -0.11632003086464351,
            0.0007947965340923789,
            -0.00018703611298516917,
            0.06829973095520815
        ]
    ],
    "width": 800
}